ra,dec,gmag,gflux,gflux_err,rmag,rflux,rflux_err,imag,iflux,iflux_err
63.738161772776195,51.23224542613004,-14.920022477212175,928985.6186989121,969.1372752807539,-14.368655400785164,559064.8146361066,754.3159798492724,-13.613211920620383,278794.8636054103,533.0723473419864
63.738161772776195,51.23224542613004,-14.920022477212175,928985.6186989121,969.1372752807539,-14.368655400785164,559064.8146361066,754.3159798492724,-13.609234467037892,277775.40329978114,532.1152762278736
63.738316564153884,51.23245240650502,-14.91503629876206,924729.0893299506,966.938741063591,-14.474193674909293,616137.2558180826,791.2427179051596,-13.604333175223616,276524.27992631047,530.9383616029223
63.73846827123693,51.232575349316875,-14.875943771029164,892025.9905769384,949.8775869640415,-14.450453288174291,602811.2035087878,782.776459999053,-13.535709735959788,259587.57081416028,514.7415222317366
63.96445871595382,51.11547017677685,-14.20052078357549,478859.726813852,699.3576813430619,-14.096639601090635,435166.8861034819,667.1541567908748,-13.423334660966892,234063.59137778997,489.32081017781684
63.7380019593069,51.23186088216782,-14.754260922417755,797451.6646711009,898.7174774704188,-14.138276100700917,452179.05332275707,679.7844041625391,-13.421867400507516,233747.4922194728,488.9977056334292
63.96445871595382,51.11547017677685,-14.20052078357549,478859.726813852,699.3576813430619,-14.096639601090635,435166.8861034819,667.1541567908748,-13.415783201917906,232441.2920077093,487.6602873958411
63.964657267802224,51.1156411817513,-14.131860757187107,449515.11847330374,678.0535068215454,-13.964654877290405,385355.8452242857,628.7158563645003,-13.38826747837054,226624.56910199006,481.6594574980077
63.730221384048996,51.17859697277902,-13.078583341680659,170385.7760509231,425.00260668684706,-13.69264261183039,299955.64859071944,556.6717447568008,-13.36749967683506,222330.92288924064,477.1815029781914
63.73847488307858,51.2324459674306,-14.899832695619303,911870.3156701529,960.2665022325025,-14.474193674909293,616137.2558180826,791.2427179051596,-13.352415311277825,219263.39006141224,473.9563840235695
63.73036602859469,51.1786950682844,-13.050765898940494,166075.80245785846,419.9014671295519,-13.69264261183039,299955.64859071944,556.6717447568008,-13.33348985214842,215474.52939064507,469.9423297447572
63.738316564153884,51.23245240650502,-14.91503629876206,924729.0893299506,966.938741063591,-14.474193674909293,616137.2558180826,791.2427179051596,-13.316171176886707,212064.7431105779,466.300339916092
63.737850675255544,51.23214483111735,-14.836637496501318,860310.0545833551,933.0334904080597,-14.358126561254565,553669.5310017627,750.7311861256492,-13.300903629878338,209103.57212482457,463.1142796547194
63.96415738625336,51.11515444988796,-14.207334161739356,481874.1892472993,701.5095358489369,-14.08118961883656,429018.32953328436,662.5300841117675,-13.28375000495721,205825.8899939568,459.5619151858016
63.73003192498818,51.17816416552845,-13.048198972772573,165683.6254462899,419.4342202133507,-13.587178280343116,272189.4651026527,531.1471057273249,-13.270802374628419,203385.95070328264,456.89956729960653
63.964657267802224,51.1156411817513,-14.131860757187107,449515.11847330374,678.0535068215454,-13.964654877290405,385355.8452242857,628.7158563645003,-13.24521791553358,198649.3581754752,451.6864200645845
63.964657267802224,51.1156411817513,-14.131860757187107,449515.11847330374,678.0535068215454,-13.964654877290405,385355.8452242857,628.7158563645003,-13.213791923715807,192981.98512114907,445.3686664061967
63.83255346039685,51.2400584180567,-13.180860778982295,187216.5817834357,444.3624887669158,-13.567715013023562,267353.5808069368,526.5751262894954,-13.200776566387502,190682.4074960366,442.77948393226364
63.964657267802224,51.1156411817513,-14.131860757187107,449515.11847330374,678.0535068215454,-13.964654877290405,385355.8452242857,628.7158563645003,-13.173944949373805,186027.85555691062,437.49185072661146
63.79241182853114,51.194599696206836,-13.364962126948418,221811.90452023718,481.71915486093025,-13.584649966530826,271556.36496963585,530.5507966156465,-13.146291003188002,181349.51618240704,432.1119994604317
63.792600997575455,51.19473606871377,-13.349525489640829,218680.56930951285,478.457948987374,-13.584649966530826,271556.36496963585,530.5507966156465,-13.138442008108326,180043.23315276898,430.59783678979863
63.79241182853114,51.194599696206836,-13.364962126948418,221811.90452023718,481.71915486093025,-13.584649966530826,271556.36496963585,530.5507966156465,-13.138060070918709,179979.90919563978,430.52430023278
63.96445871595382,51.11547017677685,-14.20052078357549,478859.726813852,699.3576813430619,-14.096639601090635,435166.8861034819,667.1541567908748,-13.121240327060967,177213.225695051,427.29906340914914
63.832062099120606,51.23953507384462,-13.159143386095746,183508.99401073353,440.17091413498144,-13.4610333337657,242333.4323028661,502.2561250226097,-13.071934706166981,169345.58648469156,417.991447735449
63.7388944633303,51.232847795485384,-14.563529576786449,668977.9921647548,824.1477002360963,-14.298590001376759,524126.3578673182,730.790079767904,-13.034598457579465,163621.12825649267,411.0868425914137
63.79224399364487,51.1942713035917,-13.260225047770726,201414.16911541088,460.0604403283362,-13.458291540094176,241722.2432880339,501.6473124695229,-13.010868079189088,160083.74354074977,406.761610081427
63.83169551984471,51.239552395169476,-13.034104074723933,163546.64140936465,416.8789765016417,-13.128442631608868,178392.68931422778,433.9590673486257,-12.998466424188573,158265.61498793136,404.52055433959896
63.79241182853114,51.194599696206836,-13.364962126948418,221811.90452023718,481.71915486093025,-13.584649966530826,271556.36496963585,530.5507966156465,-12.970442599300409,154232.90537446772,399.5049051886007
63.96415738625336,51.11515444988796,-14.207334161739356,481874.1892472993,701.5095358489369,-14.08118961883656,429018.32953328436,662.5300841117675,-12.949033250116521,151221.41588686142,395.7179295687099
63.73047250735876,51.17884712708861,-12.978260032809562,155347.4086279357,406.926096813202,-13.366671840469238,222161.46784760902,481.7564225492695,-12.941362381760902,150156.78211322345,394.3704426151997
63.72973996863314,51.17885606859689,-12.678343765662728,117852.14902651997,357.9016466380277,-13.13783460620542,179942.53832655147,435.74111711704774,-12.932712590044652,148965.27271341337,392.8568907486522
63.83268928340765,51.240189261664526,-13.100648968729235,173883.9861533638,429.09838707813327,-13.567715013023562,267353.5808069368,526.5751262894954,-12.926164891454725,148069.61821027353,391.7153074690324
63.792722686048684,51.19494801068668,-13.287529041194453,206543.54011902557,465.60173942836303,-13.584649966530826,271556.36496963585,530.5507966156465,-12.9213095539388,147408.9394335432,390.87108274829984
63.83268928340765,51.240189261664526,-13.100648968729235,173883.9861533638,429.09838707813327,-13.567715013023562,267353.5808069368,526.5751262894954,-12.877895851562446,141631.00622333898,383.4087507068977
63.83198821954953,51.239229813214564,-12.895306322224204,143920.4568364414,392.6345584333263,-13.128442631608868,178392.68931422778,433.9590673486257,-12.872172748852526,140886.40894754016,382.4364951764217
63.792722686048684,51.19494801068668,-13.287529041194453,206543.54011902557,465.60173942836303,-13.584649966530826,271556.36496963585,530.5507966156465,-12.871235996932652,140764.90733704699,382.27761016351985
63.73101508558752,51.17885809071934,-12.687572847094238,118858.19722571145,359.30437913474304,-13.073322769547751,169562.2254145803,423.6626113246737,-12.83204563003437,135774.51246429098,375.6937268035973
63.790755405508136,51.246974526316826,-14.064260622814961,422380.8784931891,657.7403120783163,-13.639603919766577,285654.8274819331,543.6750962677934,-12.822738539485563,134615.6076078007,374.1481945741363
63.729930793225066,51.17801091774659,-12.94213381181525,150263.50842035434,400.63068786607704,-13.445613476966889,238916.08567269292,498.84252875286626,-12.817728896217213,133995.9149455667,373.3191380586478
63.83169551984471,51.239552395169476,-13.034104074723933,163546.64140936465,416.8789765016417,-13.128442631608868,178392.68931422778,433.9590673486257,-12.785913479232708,130126.39301118001,368.10006371429097
63.79095378245045,51.24721695559351,-14.03623693621595,411618.3946023344,649.5073781274745,-13.598372052814154,275010.2121688538,533.7958364287933,-12.752646610227922,126199.79344654604,362.7272492408464
63.792106099711916,51.19511464797973,-12.926640045944835,148134.43261080352,397.9646620624691,-13.42677249406853,234805.89585736158,494.7056485196251,-12.745851976436208,125412.48998536277,361.6403653917077
63.963625928008895,51.11505654726897,-13.90544629571286,364903.9111470732,612.4911026184502,-13.939419893418702,376502.58069275436,621.6352334871436,-12.732273667217893,123853.83736655573,359.4789302057087
63.73003192498818,51.17816416552845,-13.048198972772573,165683.6254462899,419.4342202133507,-13.587178280343116,272189.4651026527,531.1471057273249,-12.73218319653534,123843.51748008223,359.46457596732296
63.79043854912991,51.24646180464292,-13.80488141467156,332623.2218278669,585.5464639698191,-13.396274777138535,228302.10239667413,488.08798921560793,-12.690346433570973,119162.21667319408,352.89301575474565
63.79224399364487,51.1942713035917,-13.260225047770726,201414.16911541088,460.0604403283362,-13.458291540094176,241722.2432880339,501.6473124695229,-12.687163806005906,118813.42693149313,352.39848300862224
63.7388944633303,51.232847795485384,-14.563529576786449,668977.9921647548,824.1477002360963,-14.298590001376759,524126.3578673182,730.790079767904,-12.679473231689277,117974.8116562859,351.20659952735934
63.79059337299291,51.246838793208255,-14.041766387794697,413720.03725326486,651.1232424763814,-13.535407241554193,259515.25780668986,519.0790311952036,-12.667736230172702,116706.35144848187,349.3960723072985
63.83223114926768,51.24052623084054,-12.673693016230471,117348.40917461732,357.1972127751126,-12.901201921819048,144704.0774335949,393.2325778129988,-12.653291065792825,115163.91659343506,347.1817686583213
63.83198821954953,51.239229813214564,-12.895306322224204,143920.4568364414,392.6345584333263,-13.128442631608868,178392.68931422778,433.9590673486257,-12.652628287811265,115093.63726067697,347.0805398692961
63.692407709957806,51.21462339148621,-13.412897510933737,231824.32523833058,492.0017935719567,-13.124538138992756,177752.31091524332,433.22060631404014,-12.647219877162517,114521.74341729797,346.25569643340606
63.792106099711916,51.19511464797973,-12.926640045944835,148134.43261080352,397.9646620624691,-13.42677249406853,234805.89585736158,494.7056485196251,-12.643522442334875,114132.407131483,345.69303005234
63.69258779224891,51.21492412656104,-13.376908050895187,224265.88809590825,484.25956648846903,-13.326172563962631,214027.2274485167,473.2388511823368,-12.612187265343938,110885.53753740696,340.964516383585
63.69227765245341,51.21432714062987,-13.297833981114028,208513.21877444,467.71215337441436,-13.044281693279567,165086.92466317446,418.34759170220605,-12.592018220174605,108844.70034559393,337.95852443884144
63.8431725742742,51.19063290756563,-13.73929788373106,313126.0168100356,568.6540745037596,-13.371369640562115,223124.80619204688,482.75520609508516,-12.580104765353841,107656.90894144992,336.19662823522634
63.8431725742742,51.19063290756563,-13.73929788373106,313126.0168100356,568.6540745037596,-13.371369640562115,223124.80619204688,482.75520609508516,-12.57723625878313,107372.85562763593,335.77391131968693
63.790573198153574,51.24677240396994,-14.020873733041103,405834.99486309045,645.0398704752926,-13.535407241554193,259515.25780668986,519.0790311952036,-12.574512833859991,107103.86260196583,335.37311534655083
63.7919608395839,51.194483042779964,-13.234540488861114,196705.3606464718,454.91405813204267,-13.439661167897922,237609.8647785687,497.53155437462453,-12.571643257972656,106821.1632980338,334.95138034245934
63.79224399364487,51.1942713035917,-13.260225047770726,201414.16911541088,460.0604403283362,-13.458291540094176,241722.2432880339,501.6473124695229,-12.567449739242713,106409.37581961513,334.33611787376515
63.79043854912991,51.24646180464292,-13.80488141467156,332623.2218278669,585.5464639698191,-13.396274777138535,228302.10239667413,488.08798921560793,-12.564803945014877,106150.3860621178,333.9485738214836
63.729930793225066,51.17801091774659,-12.94213381181525,150263.50842035434,400.63068786607704,-13.445613476966889,238916.08567269292,498.84252875286626,-12.557220317959757,105411.53248081998,332.840496899198
63.84346187853857,51.19086019631033,-13.717516749661856,306906.93345852196,563.159278622144,-13.361726082889291,221151.7768933769,480.70735350443533,-12.537842341207735,103546.86066487896,330.0274603122656
63.79095378245045,51.24721695559351,-14.03623693621595,411618.3946023344,649.5073781274745,-13.598372052814154,275010.2121688538,533.7958364287933,-12.536688380957397,103436.86572817457,329.8607730898896
63.8430740341985,51.190331189517586,-13.633912959539959,284161.4654567025,542.5890757252621,-13.343847224476676,217539.88258502353,476.9357036382208,-12.52861879138733,102670.93488117847,328.6977316265866
63.79111852844028,51.24752514249933,-13.834685157278617,341880.28939687135,593.3984572246233,-13.307801572367337,210436.2863091898,469.42951454829836,-12.49014602370265,99096.52136173812,323.2147664588102
63.9643819702755,51.274963359167934,-13.486799294681976,248153.1074131491,508.3252374738449,-13.16708891033062,184856.85674178763,441.3441282736736,-12.466376016541115,96950.57889673501,319.87785605136855
63.83326238742153,51.24058879254025,-12.333279145997025,85765.30934452744,309.8495586316352,-13.057285463873535,167076.04476567003,420.7182282544117,-12.460457794321208,96423.55021838132,319.0529957760409
63.93446729808802,51.12002432654567,-13.099208474420278,173653.43953981664,428.82966219643475,-13.074476671312052,169742.52902618345,423.8753494201387,-12.450362457912085,95531.14502183552,317.6513952702248
63.84357380117387,51.19116695926961,-13.555939480635104,264469.6206334618,524.1288584624525,-13.25876213140887,201142.9672665094,459.4243681895538,-12.443421499562941,94922.37585307163,316.6917108930335
63.79224399364487,51.1942713035917,-13.260225047770726,201414.16911541088,460.0604403283362,-13.458291540094176,241722.2432880339,501.6473124695229,-12.430016147321322,93757.5950669761,314.84735819482614
63.93483481643806,51.12040798510737,-13.000067161376606,158499.12336799366,410.7804316270255,-12.901857839216422,144791.52279741716,393.3437499405303,-12.420761624923152,92961.82690379865,313.5810753203766
63.96525823417203,51.1144946194348,-12.74356052155399,125148.08504182972,367.95315555315113,-13.590490248290381,273021.0291018998,531.9293298190663,-12.370145152215395,88727.46239698312,306.7551569122648
63.69324362212334,51.21478352893029,-12.983230593997606,156060.22818899102,407.8010149922174,-13.117281671644804,176568.272764775,431.85189079664366,-12.368183096317868,88567.26599234782,306.4939312411143
63.84357380117387,51.19116695926961,-13.555939480635104,264469.6206334618,524.1288584624525,-13.25876213140887,201142.9672665094,459.4243681895538,-12.36761465558436,88520.90844756221,306.4182963578501
63.79040763681927,51.24722667372229,-13.865582509547302,351749.1072203782,601.6565023832701,-13.216279808386588,193424.6961748267,450.94620410275985,-12.357935840468459,87735.29409089503,305.1336723244095
63.9643819702755,51.274963359167934,-13.486799294681976,248153.1074131491,508.3252374738449,-13.16708891033062,184856.85674178763,441.3441282736736,-12.356828052334016,87645.8224944556,304.98702659251046
63.963901300468436,51.27422768553379,-13.25025184667969,199572.51884286146,458.05453658112935,-12.717295964914792,122157.00771644614,363.4347128939494,-12.341678605512618,86431.3790089177,302.9895095613094
63.69280358593855,51.215165129345635,-13.247065122639514,198987.61606169067,457.41562686618215,-13.301966332032647,209308.33972982352,468.2265718107899,-12.334877775562326,85891.68253330354,302.0975776609084
63.934868075681194,51.12049625739053,-12.94360829714697,150467.71258342173,400.8854602291201,-12.901857839216422,144791.52279741716,393.3437499405303,-12.332606225445248,85712.16995588565,301.8003211581636
63.96434569449953,51.274863366211285,-13.498006813727134,250727.93595971641,510.8516179864835,-13.210997219450269,192485.88482493898,449.9040649347372,-12.33047398579188,85544.00797762934,301.52159437246684
63.695129553405444,51.13474455285238,-13.453808117055903,240726.1370974582,500.96664233973695,-13.168475703498606,185093.12225055683,441.61171301316057,-12.327450938677435,85306.15657274358,301.12691754147227
63.79339396979782,51.1953280747726,-12.616373922475027,111313.94357441162,348.647935909713,-12.709589852072448,121293.05670143261,362.24417113501477,-12.321823228564872,84865.13207082312,300.39373489823015
63.93483481643806,51.12040798510737,-13.000067161376606,158499.12336799366,410.7804316270255,-12.901857839216422,144791.52279741716,393.3437499405303,-12.3052667856855,83580.83667440341,298.24838737148013
63.93432387381759,51.119738453995424,-13.01358172017803,160484.35018084073,413.1897745837044,-12.97350235976965,154668.16886950514,405.70426629426316,-12.302340151130322,83355.84539001233,297.8709607956059
63.694709563520824,51.13443660907273,-13.478506326112887,246264.90790888428,506.46455705071406,-13.151704630927533,182256.00749329219,438.38771688216065,-12.236573366806669,78456.57527465993,289.53037693814616
63.84241932037012,51.190720045511526,-13.253414905120952,200154.77809746072,458.68967476623277,-13.21088611900838,192466.18927397826,449.88217579032795,-12.232239912112643,78144.05882311906,288.9901775465805
63.96367259809264,51.274609402913214,-13.33478090909244,215730.9041441197,475.3654844262585,-13.024000412964892,162031.7659035354,414.68005585438596,-12.226579854077288,77737.74555042967,288.28633239492075
63.789747370996764,51.24631760705838,-13.265175212260162,202334.56726859327,461.0596565611493,-13.106610294537129,174841.33658280206,429.84778631820745,-12.198716003445131,75768.10079986903,284.8497230034709
63.72837061162342,51.162175386311304,-13.190768331685305,188932.78772111566,446.28939866504487,-12.927404137301759,148238.7195239742,397.70152419098855,-12.186612118848615,74928.12199496452,283.3714627308995
63.728595488457955,51.16236137411389,-13.154314142239055,182694.57729345924,439.24482573292875,-12.908398363365503,145666.385960867,394.454267033237,-12.178187887890225,74349.00403238831,282.34777832962203
63.694709563520824,51.13443660907273,-13.478506326112887,246264.90790888428,506.46455705071406,-13.151704630927533,182256.00749329219,438.38771688216065,-12.150789559779696,72496.29697870662,279.0475960727698
63.934623637390025,51.120091604166646,-13.093681552277038,172771.7057156405,427.80035689014125,-13.074476671312052,169742.52902618345,423.8753494201387,-12.135150346949587,71459.52725605103,277.1836776423462
63.728595488457955,51.16236137411389,-13.154314142239055,182694.57729345924,439.24482573292875,-12.908398363365503,145666.385960867,394.454267033237,-12.131102050302083,71193.57802442933,276.70352711831197
63.72822829730775,51.16199959456663,-13.173677415678073,185982.02251911038,442.9711753137015,-12.808062110973857,132808.18587477886,377.80414065311686,-12.127949993476639,70987.19200272473,276.33033835974254
63.93432387381759,51.119738453995424,-13.01358172017803,160484.35018084073,413.1897745837044,-12.97350235976965,154668.16886950514,405.70426629426316,-12.124794114712195,70781.15512231023,275.957277522437
63.69182553734281,51.214402551836045,-13.152817952186165,182442.98988801675,438.95834600529975,-12.836122823574081,136285.3360641918,382.37824059960974,-12.118315242509974,70360.04313005306,275.1932176223428
63.79111852844028,51.24752514249933,-13.834685157278617,341880.28939687135,593.3984572246233,-13.307801572367337,210436.2863091898,469.42951454829836,-12.110252915281151,69839.50717802362,274.24582234431335
63.84153067592258,51.213363180262284,-13.186504911073014,188192.3495692447,445.45907691833645,-12.851999886858732,138292.92256850871,384.9944225418986,-12.10463892153398,69479.32148698099,273.58835023126636
63.96484722071347,51.27528432928129,-13.186362226870742,188167.61951896013,445.43131811610624,-12.882178857990471,142190.81490550295,390.02384250884484,-12.103626797102606,69414.58296980111,273.47001090628964
63.84153067592258,51.213363180262284,-13.186504911073014,188192.3495692447,445.45907691833645,-12.851999886858732,138292.92256850871,384.9944225418986,-12.097729803635453,69038.59133677857,272.7816988583795
63.84153067592258,51.213363180262284,-13.186504911073014,188192.3495692447,445.45907691833645,-12.851999886858732,138292.92256850871,384.9944225418986,-12.094609207365894,68840.44720414371,272.41826498865447
63.84381939504489,51.19040053895844,-13.280530076964755,205216.38395183152,464.17434611525357,-13.371369640562115,223124.80619204688,482.75520609508516,-12.08050322631388,67951.85086982814,270.7824122152567
63.69182553734281,51.214402551836045,-13.152817952186165,182442.98988801675,438.95834600529975,-12.836122823574081,136285.3360641918,382.37824059960974,-12.052340000630705,66211.8923446187,267.55028731044894
63.84172336825351,51.213692103747455,-13.125411476615252,177895.34771484786,433.74737734600717,-12.772149487466315,128487.17927136936,372.0416133865009,-12.021509101086,64358.163158012416,264.06330122396315
63.93518012832316,51.1202651975241,-12.86014753124125,139334.61197574818,386.75063234006467,-12.581415747034372,107786.97872928838,343.0958489243926,-11.996201365737367,62875.36892131608,261.240565028866
63.84395567122873,51.190979033726144,-13.496335397832627,250342.2545614013,510.47398974001896,-12.880495443348059,141970.5214049157,389.74132989045046,-11.988644290041272,62439.25549195238,260.40453027402856
63.694402801443154,51.134709094360836,-13.27036087943277,203303.26425916003,462.10897405141543,-13.151704630927533,182256.00749329219,438.38771688216065,-11.957967281155401,60699.75140924329,257.04282776325107
63.84307419586443,51.191401953526444,-13.079400069830294,170513.994316241,425.1534240200033,-12.825621882618224,134973.57562059147,380.6591105443987,-11.9466155575424,60068.42197984176,255.81181730937848
63.791441260926135,51.247521937656735,-13.711073346405975,305090.95936443115,561.5446545058753,-13.307801572367337,210436.2863091898,469.42951454829836,-11.9377500334374,59579.93339469597,254.85524771913376
63.93518012832316,51.1202651975241,-12.86014753124125,139334.61197574818,386.75063234006467,-12.581415747034372,107786.97872928838,343.0958489243926,-11.92890330488373,59096.44032762072,253.90491177388787
63.84307419586443,51.191401953526444,-13.079400069830294,170513.994316241,425.1534240200033,-12.825621882618224,134973.57562059147,380.6591105443987,-11.917298286601415,58468.14490654439,252.66461723365512
63.72822829730775,51.16199959456663,-13.173677415678073,185982.02251911038,442.9711753137015,-12.808062110973857,132808.18587477886,377.80414065311686,-11.890049310342924,57019.01677368616,249.7804649466632
63.963901300468436,51.27422768553379,-13.25025184667969,199572.51884286146,458.05453658112935,-12.717295964914792,122157.00771644614,363.4347128939494,-11.821102148005004,53510.72796554034,242.6561185316072
63.84103802583014,51.21323970245681,-13.05571530648109,166834.5992964494,420.804038640483,-12.755074840286282,126482.35293227104,369.33742804125916,-11.792979677029914,52142.50252127432,239.82027941056066
63.693247895240155,51.21506063874312,-13.078889129637815,170433.77044944162,425.05906658855463,-13.117281671644804,176568.272764775,431.85189079664366,-11.791190052706144,52056.62657235404,239.64117022673526
63.728746373415916,51.16275243908441,-12.898773266498075,144380.75436527678,393.2202868685293,-12.842296229184724,137062.45034137595,383.3930530946501,-11.789528651471885,51977.03006858815,239.47503828974163
63.94172976446327,51.16678931554747,-12.924180876754154,147799.2909892705,397.5433694944014,-12.593546644228468,108998.03225809087,344.85622377731875,-11.779883644960185,51517.34320568294,238.5133268833589
63.727507543758946,51.161541694961606,-12.520739740134179,101928.56171607628,334.9179024115731,-12.615043456323129,111177.62249595804,348.0020191260667,-11.74795163810863,50024.25796454991,235.36253282932478
63.69569059617679,51.13515860850865,-13.058617813277229,167281.19617018526,421.33435156639786,-12.593942541669483,109037.78400458937,344.9138542077581,-11.737440223257282,49542.29138445266,234.33641475395524
63.941731486216206,51.16721068487296,-12.7509910403036,126007.50606723798,369.119148388335,-11.970720575858078,61416.947879713734,267.10434421696516,-11.730710981317014,49236.184738282165,233.68236697185185
63.694667517737045,51.13417287661735,-13.356291852100977,220047.65302324624,479.8844576175998,-13.151704630927533,182256.00749329219,438.38771688216065,-11.695429659891591,47661.95628097393,230.2894269745335
63.694667517737045,51.13417287661735,-13.356291852100977,220047.65302324624,479.8844576175998,-13.151704630927533,182256.00749329219,438.38771688216065,-11.694988331222806,47642.58664666675,230.24736815423498
63.96484722071347,51.27528432928129,-13.186362226870742,188167.61951896013,445.43131811610624,-12.882178857990471,142190.81490550295,390.02384250884484,-11.685710915780605,47237.22388004446,229.3654023067331
63.93518012832316,51.1202651975241,-12.86014753124125,139334.61197574818,386.75063234006467,-12.581415747034372,107786.97872928838,343.0958489243926,-11.680154392417547,46996.0932614159,228.8391512759584
63.94163329307204,51.16652450449494,-12.838371775183743,136567.9247620939,383.1571014633366,-12.4680297725371,97098.36320108947,327.148507593953,-11.660982770112934,46173.53319969037,227.0347926970125
63.72779956750927,51.1627628749176,-12.382926588744104,89778.14660231816,316.258733068369,-12.816733119841947,133873.07774315999,379.21083919505946,-11.660136072248902,46137.53938108272,226.95550946466972
63.84038955223189,51.212790727475415,-12.27499124643421,81282.39628810041,302.5290662528018,-11.871700608810979,56063.504723759346,256.88769441843766,-11.639114407819234,45252.8319834231,224.99799083260314
63.84153067592258,51.213363180262284,-13.186504911073014,188192.3495692447,445.45907691833645,-12.851999886858732,138292.92256850871,384.9944225418986,-11.609816287699427,44048.032560297215,222.30451289972115
63.94172976446327,51.16678931554747,-12.924180876754154,147799.2909892705,397.5433694944014,-12.593546644228468,108998.03225809087,344.85622377731875,-11.589269469691564,43222.291489206415,220.4394596810913
63.694402801443154,51.134709094360836,-13.27036087943277,203303.26425916003,462.10897405141543,-13.151704630927533,182256.00749329219,438.38771688216065,-11.58505350195265,43054.782612563984,220.0591886467117
63.728746373415916,51.16275243908441,-12.898773266498075,144380.75436527678,393.2202868685293,-12.842296229184724,137062.45034137595,383.3930530946501,-11.565569147404386,42289.02369822047,218.31236243856083
63.85671836994579,51.20333165744133,-12.728628921063,123438.76512722668,365.62303642812003,-12.354710834238073,87475.0770507745,312.0943124612106,-11.549318683897642,41660.787360492286,216.86874199795912
63.856927261993334,51.203491242247416,-12.70547836097587,120834.60991135567,362.04426462940603,-12.351590245191854,87224.01988302328,311.6918393267372,-11.529058843734159,40890.60511819648,215.08572480172074
63.941538403609364,51.166219764149204,-12.529360036408452,102741.05348230434,336.1286853602293,-12.4680297725371,97098.36320108947,327.148507593953,-11.52552119929058,40757.58845102506,214.77628441313098
63.95873401866768,51.15861543647232,-12.643289463316643,114107.91904373371,352.6320443230102,-12.310546820716885,83988.28790443996,306.4572902123577,-11.517973495262549,40475.23678474448,214.11795973254917
63.85671836994579,51.20333165744133,-12.728628921063,123438.76512722668,365.62303642812003,-12.354710834238073,87475.0770507745,312.0943124612106,-11.516810235245874,40431.8947548074,214.01672516439567
63.963901300468436,51.27422768553379,-13.25025184667969,199572.51884286146,458.05453658112935,-12.717295964914792,122157.00771644614,363.4347128939494,-11.513544890734186,40310.478767039356,213.7328768868384
63.95850472458258,51.15843554660655,-12.6184332693689,111525.2762699734,348.95087893522367,-12.27081468191249,80970.32319284607,301.4931276376086,-11.503923491145102,39954.840054594904,212.89928123382657
63.694402801443154,51.134709094360836,-13.27036087943277,203303.26425916003,462.10897405141543,-13.151704630927533,182256.00749329219,438.38771688216065,-11.495156644658627,39633.521141805555,212.14331249674268
63.72813541162115,51.16161077517138,-12.913563766255225,146361.04664017068,395.73032014221803,-12.664946334123055,116406.84902955455,355.43583365977014,-11.486962579606992,39335.53232691251,211.43981702176526
63.817497841372855,51.156199979456105,-12.61895391658838,111578.76923548945,349.02751879354895,-12.268855234729648,80824.32641069562,301.2509074352422,-11.477069533115236,38978.74152066415,210.59440974524756
63.81731752956259,51.15596368767161,-12.608565341027507,110516.24904570813,347.5020700447694,-12.269807049464209,80895.21242766755,301.3685372555151,-11.469897596358763,38722.11215721408,209.9842281041582
63.842657718007786,51.19018286755235,-13.397080741195971,228471.63860588876,488.58272405558967,-13.21088611900838,192466.18927397826,449.88217579032795,-11.469629368047347,38712.54714146161,209.96145131129828
63.694667517737045,51.13417287661735,-13.356291852100977,220047.65302324624,479.8844576175998,-13.151704630927533,182256.00749329219,438.38771688216065,-11.46332125939436,38488.28003408688,209.42670299981316
63.95893831703346,51.158862058935675,-12.584698816578495,108113.40029271171,344.0273825328493,-12.272170048359612,81071.46469151143,301.66081533963387,-11.451034667310099,38055.18757435696,208.3901424483462
63.69569059617679,51.13515860850865,-13.058617813277229,167281.19617018526,421.33435156639786,-12.593942541669483,109037.78400458937,344.9138542077581,-11.427452225069018,37237.53205095142,206.41898155508008
63.85607697327345,51.203161370046445,-12.479108125627613,98094.18205958583,329.14377056125113,-11.953549576765086,60453.27463417426,265.2942846237656,-11.424729744982836,37144.27602601978,206.1929676815018
63.85697351238269,51.20311654549754,-12.603264614301215,109978.00712743738,346.7267609618979,-12.075989992351985,67669.97202439628,278.5637356948272,-11.419488539935564,36965.400506026715,205.7587529154271
63.81689653079339,51.156232051998565,-12.3819654202037,89698.70396677035,316.13311058233376,-11.849961619327054,54952.14479826597,254.71538551514163,-11.398511249709884,36258.05470513814,204.0326410171255
63.94467603418335,51.18193763474452,-12.533710158614497,103153.52262791512,336.7416847787141,-12.188741029484547,75075.18512698569,291.55268468468427,-11.398294469800973,36250.816083876474,204.01490136546778
63.817604962463044,51.156233018385464,-12.60238088455258,109888.52747953447,346.5977021262925,-12.268855234729648,80824.32641069562,301.2509074352422,-11.39786518370295,36236.48581173238,203.97977769136196
63.94467603418335,51.18193763474452,-12.533710158614497,103153.52262791512,336.7416847787141,-12.188741029484547,75075.18512698569,291.55268468468427,-11.395229024829858,36148.610635561214,203.7642621532203
63.84143533436947,51.21384731341214,-12.9430903148777,150395.94467318375,400.79593849348754,-12.668787801197254,116819.44012307435,356.01576221135997,-11.389402325382402,35955.135531847794,203.28895549717615
63.944985606822634,51.18224759492257,-12.450238726614604,95520.25884250553,325.21023735761645,-12.033161930243075,65052.61694413204,273.8254914429869,-11.354205171582958,34808.240313612085,200.44825818374466
63.98566768668943,51.20249637542591,-12.39619683200563,90882.17933975333,317.9994009105128,-12.111187740006335,69899.66526469027,282.53751624262486,-11.347154162266516,34582.92038836291,199.88542789220023
63.81731752956259,51.15596368767161,-12.608565341027507,110516.24904570813,347.5020700447694,-12.269807049464209,80895.21242766755,301.3685372555151,-11.335297010912024,34207.30062355033,198.94362145802864
63.944490243832234,51.18149248719935,-12.35602704351195,87581.18507518824,312.76608626077086,-11.768087778694202,50960.667919802705,246.75585249323666,-11.333976455633918,34165.72038414905,198.83909142679695
63.855216203904575,51.27473311103387,-12.289921434771404,82407.84815066968,304.3834551850041,-12.040439651046837,65490.13119139242,274.6232219082241,-11.328138211429392,33982.49679191681,198.37782307304886
63.985901443127524,51.20269583572255,-12.38854134381742,90243.62611041806,316.99379449779417,-11.96698981627586,61206.27179666559,266.7096822699297,-11.315577200663007,33591.61470143038,197.39016843985783
63.891145250059154,51.192133234228734,-12.398434562162263,91069.68300017335,318.29408200572163,-12.067334942777828,67132.67878411167,277.5976613805904,-11.313506583784232,33527.612891960634,197.22798175524107
63.985901443127524,51.20269583572255,-12.38854134381742,90243.62611041806,316.99379449779417,-11.96698981627586,61206.27179666559,266.7096822699297,-11.311694744664198,33471.70982581392,197.08620885566546
63.941731486216206,51.16721068487296,-12.7509910403036,126007.50606723798,369.119148388335,-11.970720575858078,61416.947879713734,267.10434421696516,-11.30945937616909,33402.867472691505,196.9114810466281
63.941538403609364,51.166219764149204,-12.529360036408452,102741.05348230434,336.1286853602293,-12.4680297725371,97098.36320108947,327.148507593953,-11.294819050075034,32955.47836574068,195.77216927087912
63.96375248246865,51.14633312977818,-12.235782463546334,78399.44448570664,297.7261898547025,-12.025901397355534,64619.04851423228,273.03265616789054,-11.283864256200971,32624.63807505901,194.92537538849086
63.891145250059154,51.192133234228734,-12.398434562162263,91069.68300017335,318.29408200572163,-12.067334942777828,67132.67878411167,277.5976613805904,-11.283857369870605,32624.43115249127,194.92484461395972
63.855399985610894,51.274873710450244,-12.276786733193386,81416.92455032385,302.7513240103428,-11.976403335077832,61739.24781119662,267.70698651895117,-11.282848094706232,32594.11833008528,194.84707394613434
63.96375248246865,51.14633312977818,-12.235782463546334,78399.44448570664,297.7261898547025,-12.025901397355534,64619.04851423228,273.03265616789054,-11.271356618929014,32250.96007106654,193.9644915090172
63.81817938070599,51.15638180675125,-12.294080897229804,82724.15865958226,304.9026046121515,-12.045280411084216,65782.77113659402,275.15550867910184,-11.258359341464958,31867.187567268782,192.97267024776812
63.98604176580034,51.202717703063776,-12.361037513548839,87986.28992843816,313.41303350073025,-11.96698981627586,61206.27179666559,266.7096822699297,-11.231329564638333,31083.63680692655,190.93166500665
63.842657718007786,51.19018286755235,-13.397080741195971,228471.63860588876,488.58272405558967,-13.21088611900838,192466.18927397826,449.88217579032795,-11.225767452657085,30924.805800939495,190.5152741809028
63.944985606822634,51.18224759492257,-12.450238726614604,95520.25884250553,325.21023735761645,-12.033161930243075,65052.61694413204,273.8254914429869,-11.223292867322803,30854.40294567914,190.3304149130249
63.728746373415916,51.16275243908441,-12.898773266498075,144380.75436527678,393.2202868685293,-12.842296229184724,137062.45034137595,383.3930530946501,-11.212874924174812,30559.762144017466,189.5548101191382
63.964187655817724,51.14666048355785,-12.177822211014,74323.96744107119,290.8013189116633,-11.927395299810433,59014.41683867161,262.56846661115435,-11.211413768116598,30518.66325763913,189.4463701233787
63.83665557385176,51.152129883663534,-12.252644182121944,79626.50847258695,299.77983273108725,-11.842160090612207,54558.70284485822,253.9418942685895,-11.20958210013841,30467.22080597464,189.31055095070562
63.854680131955604,51.274756494378224,-12.063945556693199,66923.43479145161,277.78566275303575,-11.958511775617067,60730.19984333887,265.81569303410237,-11.208599194397625,30439.65162746826,189.23772225101774
63.85493390233955,51.27429665093544,-12.14972588527724,72425.30855460498,287.5182571495186,-11.674846635778994,46766.907664905586,238.10646880075907,-11.20766349574738,30413.429722778656,189.16842658875115
63.94216815596446,51.16735830856703,-12.709282402119573,121258.71478214915,362.62950020901616,-12.158308301370175,73000.07739272552,287.9719781725069,-11.207407293178848,30406.253873334746,189.1494588113321
63.822337878322685,51.166622590054956,-12.36946494423173,88671.89252050838,314.504900057535,-11.989409437585032,62483.27362542701,269.0930256347947,-11.20493869521945,30337.198840371646,188.96682972325252
63.83654980146815,51.151911740673086,-12.277136549055962,81443.16068413478,302.7946504214143,-11.962908139665915,60976.607164659,266.27878245275247,-11.204705849779419,30330.693465510023,188.94961593185388
63.727507543758946,51.161541694961606,-12.520739740134179,101928.56171607628,334.9179024115731,-12.615043456323129,111177.62249595804,348.0020191260667,-11.19976974935868,30193.113511373525,188.58519933085574
63.89119709683784,51.19219822959132,-12.384222069955012,89885.33223013465,316.42814645638964,-12.067334942777828,67132.67878411167,277.5976613805904,-11.199485986736002,30185.22342026856,188.56427900202527
63.963628915346945,51.14613698007945,-12.19369525654897,75418.53684239028,292.67725651659714,-11.94986667652916,60248.559903879046,264.908177910272,-11.19846242337443,30156.780111878208,188.48884319015616
63.82220859709234,51.1665479345237,-12.359682300870327,87876.53421753265,313.23788700798053,-11.989409437585032,62483.27362542701,269.0930256347947,-11.195898573614285,30085.652119195394,188.30006907720576
63.964187655817724,51.14666048355785,-12.177822211014,74323.96744107119,290.8013189116633,-11.927395299810433,59014.41683867161,262.56846661115435,-11.194367370523455,30043.252524811538,188.1874502194464
63.84233863646203,51.214064519072245,-12.593520365966093,108995.39419166598,345.3068690764169,-12.153881034879294,72703.01374302589,287.4557297444028,-11.19296214644055,30004.393920503186,188.08417747324802
63.82235798449923,51.166782268269145,-12.35849981216142,87780.87889803454,313.0851617974353,-11.989409437585032,62483.27362542701,269.0930256347947,-11.191232000573708,29956.619296804394,187.95713126159768
63.89059709694152,51.191861697248015,-12.317908978638608,84559.73075159555,307.89798698804003,-12.067608307101905,67149.58343346018,277.62810782289574,-11.186797489744508,29834.515941058027,187.63203307629294
63.842331370162285,51.213728022473624,-12.819574152386789,134223.84049379127,380.0858852068608,-12.772149487466315,128487.17927136936,372.0416133865009,-11.182250778475275,29709.839893200962,187.2995029050692
63.85557642860182,51.27444192761665,-11.9686669010364,61300.88725102051,267.473974230601,-11.611710060448722,44124.929466583104,232.49239188937852,-11.175052975124096,29513.53225262427,186.77472031275897
63.81774536628672,51.156607044214155,-12.426186388670947,93427.46291857073,321.97655591403304,-11.710735920095019,48338.63338867882,241.38437440841128,-11.170552966488273,29391.461808004227,186.447648693378
63.98604176580034,51.202717703063776,-12.361037513548839,87986.28992843816,313.41303350073025,-11.96698981627586,61206.27179666559,266.7096822699297,-11.17038996166041,29387.04951104861,186.43581578209074
63.82220859709234,51.1665479345237,-12.359682300870327,87876.53421753265,313.23788700798053,-11.989409437585032,62483.27362542701,269.0930256347947,-11.163176835441755,29192.46271384427,185.9132233304811
63.82220859709234,51.1665479345237,-12.359682300870327,87876.53421753265,313.23788700798053,-11.989409437585032,62483.27362542701,269.0930256347947,-11.153902577917066,28944.165392647865,185.24424225312086
63.940943409953384,51.16637987600772,-12.372853144194337,88949.0384518345,314.94519855290093,-12.275362805604823,81310.21739963518,302.0562865088168,-11.137819824939717,28518.582146779732,184.09194996540398
63.72779956750927,51.1627628749176,-12.382926588744104,89778.14660231816,316.258733068369,-12.816733119841947,133873.07774315999,379.21083919505946,-11.136643585313116,28487.703078367438,184.0080622517734
63.82235798449923,51.166782268269145,-12.35849981216142,87780.87889803454,313.0851617974353,-11.989409437585032,62483.27362542701,269.0930256347947,-11.130895075382679,28337.271433112506,183.59884348327898
63.944399302670575,51.181265736161464,-12.0912981047095,68630.82853640881,280.84206981166574,-11.768087778694202,50960.667919802705,246.75585249323666,-11.116931771484989,27975.168341780038,182.61005513679993
63.944924599686665,51.18125794936573,-11.890434744146951,57039.26198408262,259.38523786787545,-11.768087778694202,50960.667919802705,246.75585249323666,-11.116109736011527,27953.99572431293,182.55207372034425
63.944399302670575,51.181265736161464,-12.0912981047095,68630.82853640881,280.84206981166574,-11.768087778694202,50960.667919802705,246.75585249323666,-11.11537125929798,27934.988937975224,182.5000077623568
63.85736673379547,51.20353600189953,-12.513269757297493,101229.68907392694,333.8729230015795,-12.262731765518824,80369.76643390895,300.495506212273,-11.09461401755314,27405.997073864506,181.04491423166124
63.8556078267189,51.275281410789006,-11.995102888507391,62811.78788410426,270.28360572516414,-11.727457995947066,49088.88846872147,242.93347091041764,-11.089858801517362,27286.229061208454,180.71384273622627
63.96351965212209,51.146392416908185,-12.139202668647771,71726.73586750973,286.30084789815317,-11.819518131396672,53432.716308062176,251.71511501680513,-11.088876490597537,27261.55323373269,180.64555662683142
63.89059709694152,51.191861697248015,-12.317908978638608,84559.73075159555,307.89798698804003,-12.067608307101905,67149.58343346018,277.62810782289574,-11.085847229581201,27185.598077589704,180.43520159014088
63.83642621870836,51.15180497892754,-12.26638819596439,80640.88371095034,301.46695233581084,-11.94688781135744,60083.486327473525,264.5964269360696,-11.084904369300137,27162.00017769407,180.36979811758712
63.80097172723975,51.293222727812925,-12.32607157633474,85197.84906121982,308.93249861565477,-11.863772704044663,55655.6272394938,256.09258103146027,-11.077863860066168,26986.436706410746,179.88246329672
63.80097172723975,51.293222727812925,-12.32607157633474,85197.84906121982,308.93249861565477,-11.863772704044663,55655.6272394938,256.09258103146027,-11.076824437899164,26960.61378754729,179.81067177126155
63.985338876858876,51.20196547680601,-12.061220520230913,66755.67753029609,277.48354396249846,-11.331808767605246,34097.57607766977,209.82220782731991,-11.07638246368803,26949.641075238527,179.78015733256993
63.964041013472674,51.14639806919342,-12.227485646833463,77802.62656552644,296.7222037617309,-12.025901397355534,64619.04851423228,273.03265616789054,-11.063010952663927,26619.775044499056,178.86038952150398
63.8918910574064,51.19232871310355,-11.987175022846763,62354.81702152628,269.436925199977,-11.551390210675017,41740.349797352595,227.30625292150205,-11.060726887910736,26563.833849395625,178.7039388057261
63.967173682543184,51.285243010936256,-12.125110117995032,70801.75896011722,284.68087150317797,-11.803994272959997,52674.17098680519,250.20382452445938,-11.057965174562591,26496.351093749392,178.51502734793635
63.944171947277155,51.18175623471875,-12.369399406368501,88666.54021582553,314.496390846568,-11.84095022121145,54497.94025758912,253.82222731165683,-11.052791607356177,26370.395475961916,178.1618909061278
63.949563341672814,51.23496051370131,-10.666546240282749,18476.44851204732,169.46353044752442,-11.243994707869545,31448.351367826646,203.41124400506456,-11.030584065364128,25836.49675917152,176.65718398767876
63.891391043322464,51.19275581780565,-11.87212409277689,56085.3761746906,257.5399305241467,-11.492608630480692,39540.6179414532,222.41492926805626,-11.027056935421491,25752.700326422524,176.41985211905035
63.80114950220887,51.293417646045796,-12.29193926460134,82561.14471457983,304.6351659842828,-11.855491601978487,55232.74666931129,255.26560577009303,-11.02418572079656,25684.687629668082,176.22698863951896
63.81714652671002,51.15554210822937,-12.314619286811217,84303.90944358542,307.4822744212699,-11.58744581795592,43149.754304988994,230.38562699276676,-11.005018286003436,25235.232733813104,174.94712523816494
63.83573664491174,51.1517121215582,-11.902480677219366,57675.61988062205,260.6090165752401,-11.847637715824677,54834.651330921966,254.48464423375967,-10.994457537743438,24990.96435663276,174.24760615835683
63.800558269517076,51.29288565501395,-12.238610711257591,78603.93439492301,298.0694114373609,-11.863772704044663,55655.6272394938,256.09258103146027,-10.9868900275017,24817.38459423421,173.74880859884846
63.81817938070599,51.15638180675125,-12.294080897229804,82724.15865958226,304.9026046121515,-12.045280411084216,65782.77113659402,275.15550867910184,-10.985890131029832,24794.539825649284,173.68305536503655
63.985338876858876,51.20196547680601,-12.061220520230913,66755.67753029609,277.48354396249846,-11.331808767605246,34097.57607766977,209.82220782731991,-10.984239741567334,24756.879147291234,173.57460367973277
63.959324678530486,51.158855824215436,-12.421482326154525,93023.55455362958,321.34871120532176,-11.865730221511138,55756.06151933182,256.28859580401365,-10.970036281991195,24435.122060520116,172.64526044987502
63.85705337885947,51.203878303047794,-12.442965741872158,94882.53880611892,324.2282813787388,-12.262731765518824,80369.76643390895,300.495506212273,-10.953967395846094,24076.145449804222,171.60247476388355
63.88306947328046,51.248729258668135,-11.47962275258636,39070.511870016286,222.06294492712647,-11.386888785852587,35871.99367512874,214.00882340452694,-10.948740283315338,23960.513064345174,171.26522402294705
63.9583734396029,51.15793068286543,-12.187993936230567,75023.54378773263,292.00168394621346,-11.77674749668772,51368.7501045059,247.5813662704994,-10.937603270805432,23715.99271796877,170.5498654741593
63.85558502926989,51.27490728171113,-12.229012555587083,77912.12009144436,296.9066515441109,-11.976403335077832,61739.24781119662,267.70698651895117,-10.9358204778629,23677.082704176624,170.4357550499944
63.88335194676226,51.24895934225778,-11.47295675025611,38831.36884205938,221.52383276241656,-11.441702182105738,37729.484620748364,218.3054452839178,-10.935568467448391,23671.587650250745,170.41963368560505
63.83687680419392,51.15136225839911,-11.70718974923766,48181.00999877552,241.7073636413819,-11.535746931614433,41143.266864069665,225.98904770791643,-10.912055387140898,23164.45862850021,168.9251980131599
63.88335194676226,51.24895934225778,-11.47295675025611,38831.36884205938,221.52383276241656,-11.441702182105738,37729.484620748364,218.3054452839178,-10.907299103554674,23063.204050893255,168.6252292694611
63.83764018759309,51.196554484104574,-12.10077045894576,69232.20814907801,281.910708893383,-11.725527505165012,49001.68363271716,242.7539216008228,-10.898853915786681,22884.507286593285,168.09453049364322
63.81714652671002,51.15554210822937,-12.314619286811217,84303.90944358542,307.4822744212699,-11.58744581795592,43149.754304988994,230.38562699276676,-10.895594324878859,22815.90658000191,167.8903525378602
63.80122418513658,51.29355546329489,-12.222081310239945,77416.32015972267,296.0705317984456,-11.855491601978487,55232.74666931129,255.26560577009303,-10.882647946876467,22545.46404979178,167.08299717528666
63.985338876858876,51.20196547680601,-12.061220520230913,66755.67753029609,277.48354396249846,-11.331808767605246,34097.57607766977,209.82220782731991,-10.880494351642929,22500.78866598056,166.94925145464302
63.941497273308364,51.166144143004516,-12.413693887187211,92358.64545660291,320.3124803942154,-12.4680297725371,97098.36320108947,327.148507593953,-10.879506839984037,22480.332786086754,166.88797644339698
63.986186893039985,51.203252670539136,-11.898666113564957,57473.341192663975,260.22063875172483,-11.708923386297885,48258.00393724609,241.21730194392637,-10.877215925785475,22432.949067795937,166.7459533634355
63.8375005221586,51.19640675754656,-12.065460719503358,67016.8927461745,277.9538313926725,-11.66599349611359,46387.11880197793,237.30760970065666,-10.874382299671016,22374.47840798376,166.57053251781608
63.83739381130064,51.196407981885784,-12.050660683854058,66109.5610456736,276.31684835595047,-11.66599349611359,46387.11880197793,237.30760970065666,-10.873120487921959,22348.49052940933,166.4925056111968
63.83776292646473,51.19666078789594,-12.099358326538901,69142.22174707014,281.7510627961532,-11.725527505165012,49001.68363271716,242.7539216008228,-10.86402615820325,22162.07719512755,165.931736236359
63.8556078267189,51.275281410789006,-11.995102888507391,62811.78788410426,270.28360572516414,-11.727457995947066,49088.88846872147,242.93347091041764,-10.858096847628829,22041.377820492748,165.56763486798323
63.800558269517076,51.29288565501395,-12.238610711257591,78603.93439492301,298.0694114373609,-11.863772704044663,55655.6272394938,256.09258103146027,-10.857081067337882,22020.76625109681,165.5053779983656
63.83776292646473,51.19666078789594,-12.099358326538901,69142.22174707014,281.7510627961532,-11.725527505165012,49001.68363271716,242.7539216008228,-10.85223615117533,21922.721183475962,165.2089134361734
63.94916035024459,51.23443623173369,-10.649390831429088,18186.801745310466,168.60676553745458,-11.249729729605528,31614.905779471403,203.82023599076874,-10.848702928434504,21851.495815014885,164.9932111036692
63.88296926969311,51.24848443982956,-11.412042241328713,36712.74827623799,216.68915043427924,-11.355930521520655,34863.59827097679,211.6397436466933,-10.841497821002289,21706.966119548862,164.55464142598328
63.96727366074556,51.28529397350814,-12.122030963099697,70601.2491719332,284.3284875133424,-11.796946408924835,52333.35332224485,249.52181496235178,-10.839703729690559,21671.12673174242,164.4457072319843
63.85697351238269,51.20311654549754,-12.603264614301215,109978.00712743738,346.7267609618979,-12.075989992351985,67669.97202439628,278.5637356948272,-10.830324037541477,21484.715889526815,163.87794172740846
63.80114950220887,51.293417646045796,-12.29193926460134,82561.14471457983,304.6351659842828,-11.855491601978487,55232.74666931129,255.26560577009303,-10.829917318614244,21476.669179761197,163.85338896417818
63.94505562606851,51.18247936694883,-12.263801664586085,80449.00291725084,301.148539025084,-11.88756968726076,56888.944346502016,258.4893173157515,-10.825640860037037,21392.24402484923,163.59556204290598
63.82272300217603,51.16703510466586,-12.246038784218747,79143.5476224631,298.973221647282,-11.832506490741066,54075.75556891949,252.98920607168353,-10.820029309757642,21281.96496476963,163.25816628902427
63.82272300217603,51.16703510466586,-12.246038784218747,79143.5476224631,298.973221647282,-11.832506490741066,54075.75556891949,252.98920607168353,-10.809429048608115,21075.195862912322,162.62367526961563
63.96420950196112,51.146846828876605,-12.06430934625688,66945.86208660528,277.82602780570613,-11.927395299810433,59014.41683867161,262.56846661115435,-10.797009401187292,20835.492015575648,161.8850082955822
63.83702490461334,51.15213414058413,-12.154827446952778,72766.41496992424,288.1108373692596,-11.85752223174202,55336.143983432594,255.46805436941398,-10.785708735019961,20619.754678764235,161.2173023408136
63.876384243513534,51.2184879034213,-11.957268029572635,60660.67126052392,266.27450291046574,-11.543140624699957,41424.40220894011,226.6102050411706,-10.779638128106448,20504.786479124406,160.86034431894478
63.836355150639214,51.151596772376024,-12.177195721353346,74281.09352233144,290.72759270840317,-11.830096592873149,53955.86223875491,252.75214155099889,-10.778915400970785,20491.14188080786,160.81792740889594
63.83735572967082,51.196101435647655,-11.839240486674548,54412.188594605905,254.27077738957266,-11.66599349611359,46387.11880197793,237.30760970065666,-10.76470149535021,20224.630605134058,159.98716979939087
63.88306947328046,51.248729258668135,-11.47962275258636,39070.511870016286,222.06294492712647,-11.386888785852587,35871.99367512874,214.00882340452694,-10.75348523237536,20016.774330193388,159.33624266148132
63.95908210436545,51.159218773606824,-12.288339734100518,82287.8837880154,304.18633011315137,-11.903859107812451,57748.89028181702,260.14740648655004,-10.751894012891427,19987.45988656851,159.24422683995041
63.944399302670575,51.181265736161464,-12.0912981047095,68630.82853640881,280.84206981166574,-11.768087778694202,50960.667919802705,246.75585249323666,-10.749320286583455,19940.135934761132,159.09556822880455
63.87641185652364,51.21851575056944,-11.949223873713734,60212.90070626301,265.4323649179857,-11.543140624699957,41424.40220894011,226.6102050411706,-10.748576244764811,19926.47588314395,159.05263210154374
63.94235745202705,51.16659190094546,-12.52848886082064,102658.64893684168,336.00608413618556,-12.007585928630203,63538.121596021665,271.0459452120303,-10.747740966374359,19911.151945402416,159.00445226687046
63.81652237630854,51.15631285582504,-11.965722005590031,61134.843140915524,267.16340090028655,-11.849961619327054,54952.14479826597,254.71538551514163,-10.746459653349465,19887.66799956503,158.93058829202798
63.8556078267189,51.275281410789006,-11.995102888507391,62811.78788410426,270.28360572516414,-11.727457995947066,49088.88846872147,242.93347091041764,-10.730945027720441,19605.503994186016,158.04039954856822
63.838020602060226,51.19716515405982,-11.845960183985751,54749.99370702928,254.93417453672427,-11.30212025794525,33177.839598562445,207.61893559698188,-10.722473074813148,19453.11839209826,157.55755230195513
63.727507543758946,51.161541694961606,-12.520739740134179,101928.56171607628,334.9179024115731,-12.615043456323129,111177.62249595804,348.0020191260667,-10.720651587450645,19420.5101921124,157.45403801553476
63.949563341672814,51.23496051370131,-10.666546240282749,18476.44851204732,169.46353044752442,-11.243994707869545,31448.351367826646,203.41124400506456,-10.711550002633011,19258.391052469917,156.93837946071378
64.01036368752163,51.199415801009074,-10.943856655008604,23852.980986900642,184.64674550771903,-11.229790570954387,31039.608034094996,202.40402874932172,-10.700888105983037,19070.199764236713,156.33765912128075
63.949563341672814,51.23496051370131,-10.666546240282749,18476.44851204732,169.46353044752442,-11.243994707869545,31448.351367826646,203.41124400506456,-10.691311217853823,18902.72808808363,155.80112959593296
63.93195999661348,51.24635494425648,-11.694509346259403,47621.57320934091,240.54731935532482,-11.425571943096717,37173.09976345528,217.0273774972101,-10.68911779001104,18864.578934434416,155.67865245344169
63.800558269517076,51.29288565501395,-12.238610711257591,78603.93439492301,298.0694114373609,-11.863772704044663,55655.6272394938,256.09258103146027,-10.680074454663677,18708.104273149896,155.17528207944383
63.891391043322464,51.19275581780565,-11.87212409277689,56085.3761746906,257.5399305241467,-11.492608630480692,39540.6179414532,222.41492926805626,-10.660310169218217,18370.63073972098,154.08405055360546
64.01036368752163,51.199415801009074,-10.943856655008604,23852.980986900642,184.64674550771903,-11.229790570954387,31039.608034094996,202.40402874932172,-10.658035997597155,18332.192080685545,153.9592672623854
63.83687680419392,51.15136225839911,-11.70718974923766,48181.00999877552,241.7073636413819,-11.535746931614433,41143.266864069665,225.98904770791643,-10.646184034916729,18133.16502508874,153.31154203247
63.93195999661348,51.24635494425648,-11.694509346259403,47621.57320934091,240.54731935532482,-11.425571943096717,37173.09976345528,217.0273774972101,-10.644969290256483,18112.88860098527,153.24539959251743
63.87600533882428,51.217920447178166,-11.81962793229075,53438.120251185705,252.34809270307042,-11.299404709718795,33094.96178089212,207.41924838537378,-10.64162286129195,18057.14745504483,153.06342264019153
63.96774752489209,51.285419629278124,-11.929180618732927,59111.53640192975,263.3495320702535,-11.59230743831918,43343.39995095392,230.8055085365494,-10.628836975172444,17845.7493992742,152.37130075758776
63.89081702886743,51.1915409765783,-12.220698336064977,77317.7726375646,295.9040592443036,-11.901525226162946,57624.887490939465,259.9089654298226,-10.604081591545294,17443.46011779757,151.04543691579246
63.93159904638049,51.24581921904217,-11.502426602169118,39899.79284321506,223.92238048687042,-11.423259171700161,37094.00008963722,216.8450666017064,-10.582580862575579,17101.426769590296,149.9089412439277
63.96312226278232,51.14579243068013,-11.707745841215,48205.693651773145,241.75841927731258,-11.07152721135609,26829.395312245226,191.72161623590202,-10.579799325978174,17057.670870212656,149.76292854207188
63.94916035024459,51.23443623173369,-10.649390831429088,18186.801745310466,168.60676553745458,-11.249729729605528,31614.905779471403,203.82023599076874,-10.564785270649317,16823.41306410831,148.97878023192894
63.97856242138852,51.166133607566216,-11.196412660298321,30099.900787797917,200.851538275139,-11.20860899227849,30439.926321657018,200.9171698524501,-10.557911618097256,16717.24268728383,148.62202589982718
63.838020602060226,51.19716515405982,-11.845960183985751,54749.99370702928,254.93417453672427,-11.30212025794525,33177.839598562445,207.61893559698188,-10.557151735732567,16705.54675823114,148.58267279032304
63.94916035024459,51.23443623173369,-10.649390831429088,18186.801745310466,168.60676553745458,-11.249729729605528,31614.905779471403,203.82023599076874,-10.555377051714403,16678.263104808222,148.49083136710257
63.93195999661348,51.24635494425648,-11.694509346259403,47621.57320934091,240.54731935532482,-11.425571943096717,37173.09976345528,217.0273774972101,-10.54535061751156,16524.953534924614,147.97370519862534
63.87600533882428,51.217920447178166,-11.81962793229075,53438.120251185705,252.34809270307042,-11.299404709718795,33094.96178089212,207.41924838537378,-10.543042027784582,16489.854025245433,147.8550571354612
63.966878156622165,51.284605456385364,-11.861690405409515,55548.98938886534,256.49645032350264,-11.163762869754004,29208.223819159848,197.82822508181465,-10.539249020624453,16432.347414413554,147.66045953368365
63.89067841586574,51.25556854016507,-11.638346641638723,45220.8432623686,235.50431610070402,-11.266510458075675,32107.329369749415,205.02466239360248,-10.508841646951021,15978.523980254928,146.11566608526272
63.97856242138852,51.166133607566216,-11.196412660298321,30099.900787797917,200.851538275139,-11.20860899227849,30439.926321657018,200.9171698524501,-10.508616879445603,15975.216472191178,146.10434753105824
63.94505562606851,51.18247936694883,-12.263801664586085,80449.00291725084,301.148539025084,-11.88756968726076,56888.944346502016,258.4893173157515,-10.50471916645462,15917.969439715433,145.90830454432844
63.97903253853581,51.16657444054366,-11.199730872607287,30192.032411611344,201.080760022691,-11.133224915759989,28398.144604609493,195.77008817608157,-10.502900487730395,15891.328125308757,145.81698124907751
63.89067841586574,51.25556854016507,-11.638346641638723,45220.8432623686,235.50431610070402,-11.266510458075675,32107.329369749415,205.02466239360248,-10.495414510974669,15782.136830919606,145.44208719007258
63.85623442030055,51.27527508678529,-11.572268627115774,42550.772679539965,229.76555947145707,-11.481542711368526,39139.66323143943,221.5117289249052,-10.48136114936719,15579.175143459828,144.74266488753375
63.88296926969311,51.24848443982956,-11.412042241328713,36712.74827623799,216.68915043427924,-11.355930521520655,34863.59827097679,211.6397436466933,-10.475365593651265,15493.382307588994,144.4459975315137
63.94916035024459,51.23443623173369,-10.649390831429088,18186.801745310466,168.60676553745458,-11.249729729605528,31614.905779471403,203.82023599076874,-10.469304842086784,15407.13673431121,144.1471492246596
63.949563341672814,51.23496051370131,-10.666546240282749,18476.44851204732,169.46353044752442,-11.243994707869545,31448.351367826646,203.41124400506456,-10.449914161922212,15134.415913298342,143.19804401102485
63.89079554769911,51.255704864717906,-11.60773222156671,43963.56363966751,232.8196797510022,-11.251670330975141,31671.46352421397,203.95893298425355,-10.428941258655826,14844.873579905578,142.18346414119557
63.83739381130064,51.196407981885784,-12.050660683854058,66109.5610456736,276.31684835595047,-11.66599349611359,46387.11880197793,237.30760970065666,-10.427295519172938,14822.389031694504,142.1043733562749
63.80172842890375,51.29354072190722,-11.938099767198729,59599.12817743055,264.2736608463323,-11.592970378075753,43369.87308230874,230.86285084909179,-10.409917930136302,14587.03993930591,141.27386111588717
63.931537148621025,51.24610012390407,-11.597346233094665,43545.01988783036,231.9190796970402,-11.423259171700161,37094.00008963722,216.8450666017064,-10.398844097648771,14439.017376983871,140.74900096366204
63.82202072844597,51.166973737864126,-12.129128489060959,71064.28578579552,285.14158838283697,-11.989409437585032,62483.27362542701,269.0930256347947,-10.395345448478475,14392.56433355448,140.58388324711888
63.72779956750927,51.1627628749176,-12.382926588744104,89778.14660231816,316.258733068369,-12.816733119841947,133873.07774315999,379.21083919505946,-10.37574267361611,14135.040899350388,139.66497339932965
63.966878156622165,51.284605456385364,-11.861690405409515,55548.98938886534,256.49645032350264,-11.163762869754004,29208.223819159848,197.82822508181465,-10.375413541274462,14130.756622923478,139.6496348660051
64.01036368752163,51.199415801009074,-10.943856655008604,23852.980986900642,184.64674550771903,-11.229790570954387,31039.608034094996,202.40402874932172,-10.338269423968056,13655.50512535547,137.93755478708667
63.890259092009906,51.254901327479374,-11.374189499194165,35454.8620291023,213.76693305746335,-11.242027711240874,31391.42888446782,203.2712761418324,-10.337230006017373,13642.438429110185,137.89018211749251
63.89067841586574,51.25556854016507,-11.638346641638723,45220.8432623686,235.50431610070402,-11.266510458075675,32107.329369749415,205.02466239360248,-10.323655741011128,13472.937539667111,137.27418342482383
63.87590162436591,51.217465598875066,-11.167834235218459,29317.95636215541,198.8954398719265,-11.299404709718795,33094.96178089212,207.41924838537378,-10.320610617220666,13435.203435301208,137.13667390813544
63.876617043448555,51.21890795879856,-11.650131710790973,45714.36424021406,236.54979154483686,-11.440854191324977,37700.028327384716,218.23796907789895,-10.300739464925154,13191.548726039398,136.24541321205814
63.99152154962629,51.212000714361075,-10.194866121719194,11965.929745741483,149.02137224382682,-11.017130696364106,25518.33171381118,188.2713853289247,-10.28126599823064,12957.05789490973,135.38213246287268
63.88563171251957,51.18530108350628,-11.109957442640903,27796.04314095593,195.03200450348564,-10.967702061370437,24382.645503453572,185.23074346153996,-10.280004090597515,12942.007174449474,135.3265349801529
63.898708339542324,51.25851196082889,-11.236324082740223,31226.954689764392,203.6379000320326,-10.862271304452806,22126.28600432001,179.03650137382957,-10.25300245110092,12624.116114178532,134.1468598568882
63.63757029268736,51.22818722652523,-11.015775233775638,25486.49381269385,189.01834157664584,-10.946361051831875,23908.06460541655,183.94522941701373,-10.237575480566381,12446.011336472124,133.48136660881622
63.637786208928496,51.22869690943202,-11.294750964024109,32953.41180664856,207.83371104404665,-10.946361051831875,23908.06460541655,183.94522941701373,-10.235092229067824,12417.57785606675,133.37481678094937
63.890259092009906,51.254901327479374,-11.374189499194165,35454.8620291023,213.76693305746335,-11.242027711240874,31391.42888446782,203.2712761418324,-10.231558817128839,12377.23186824897,133.22348052627225
63.63791359642483,51.228924633444684,-11.263669392449444,32023.423365501447,205.5841993081987,-10.993342501484975,24965.312151932885,186.79693512419882,-10.220073398954586,12246.989897133471,132.7337703541135
63.82205269864107,51.166131902328985,-12.092511849789236,68707.5938760796,280.97870651665284,-11.868879579896472,55918.02603517165,256.6043819872001,-10.213049477583692,12168.01653022468,132.43594838830487
63.972574757997116,51.20778332713381,-10.924249348715867,23426.08633366968,183.48712754131117,-10.85119837440184,21901.776849803176,178.4084069478354,-10.212318409252026,12159.82609014929,132.40502250834126
63.677808315715296,51.24898574246681,-10.94296669180363,23833.43703375014,184.59381537159325,-10.689647273928724,18873.78091836856,169.71023463017727,-10.198985384006962,12011.414482702738,131.84338579537393
63.80122504248678,51.29385943464854,-11.885653261058922,56788.61859395546,258.90163814400086,-11.656650280934906,45989.650841394156,236.4686737419048,-10.193089007603486,11946.360140241602,131.59644385592898
63.972574757997116,51.20778332713381,-10.924249348715867,23426.08633366968,183.48712754131117,-10.85119837440184,21901.776849803176,178.4084069478354,-10.16004373608829,11588.240354583615,130.22866139935817
63.90486607641445,51.21284627050861,-11.014180822235113,25449.094178065592,188.91938444150537,-10.849102821375372,21859.545531234267,178.29001192185592,-10.15930212197671,11580.327688384195,130.19827795969218
63.83687680419392,51.15136225839911,-11.70718974923766,48181.00999877552,241.7073636413819,-11.535746931614433,41143.266864069665,225.98904770791643,-10.154028822399162,11524.219694602845,129.9826280311639
63.83884538226967,51.19685250209251,-11.223971777731698,30873.70222462571,202.76869054249335,-11.30212025794525,33177.839598562445,207.61893559698188,-10.153955816910322,11523.444825897663,129.97964733442976
63.6854355128675,51.22824620225575,-11.279847651860395,32504.168504406673,206.75011038473082,-10.934840249415249,23655.716117819207,183.2580119331225,-10.138541004363237,11360.995864282773,129.3532363706755
63.959722681280084,51.1592868844131,-11.808534114754865,52894.88118091018,251.26941879305946,-11.31907413849441,33699.9809519635,208.87260177396357,-10.138082117614996,11356.195150392477,129.33467843419857
63.88594268948519,51.185584138141714,-11.060964906771943,26569.657903660802,191.86218372402757,-10.862632952367745,22133.657277371898,179.05708614079802,-10.13703919884339,11345.292039116886,129.2925207983894
63.92595102747052,51.182009525779876,-11.128710617577187,28280.315292666768,196.26959757527013,-10.869058009936744,22265.02586462754,179.42354551309256,-10.131055515269862,11282.93811476233,129.0511604366555
63.638244021482826,51.22905569471202,-11.155894668406505,28997.32040853568,198.08775845121625,-10.996573633697773,25039.71915222158,186.99599453486388,-10.121120447909753,11180.164127993941,128.6523533530538
63.93159904638049,51.24581921904217,-11.502426602169118,39899.79284321506,223.92238048687042,-11.423259171700161,37094.00008963722,216.8450666017064,-10.12005336875198,11169.181479141018,128.60966283458677
63.71952324636054,51.18257464223038,-11.192928857479227,30003.4739918939,200.61134970780097,-10.51434587013204,16059.73401261327,161.20644165936588,-10.111880673878083,11085.422996950605,128.28361895517165
63.89879262892145,51.25860352469973,-11.215495120043915,30633.60076069968,202.17576610561264,-10.862271304452806,22126.28600432001,179.03650137382957,-10.07563137382615,10721.425929066234,126.85696600640937
63.68523120031241,51.22794942483488,-11.193444884225542,30017.737378200098,200.6468963574862,-10.856505377491278,22009.093276403477,178.70891442864493,-10.063588552419185,10603.16258981774,126.38997778741323
63.898224129591675,51.257887104286105,-10.991954068508942,24933.407064179293,187.54958465395492,-10.641581936583224,18056.466838915712,167.28493554046335,-10.057621475997966,10545.048715175923,126.15986925508837
63.90486607641445,51.21284627050861,-11.014180822235113,25449.094178065592,188.91938444150537,-10.849102821375372,21859.545531234267,178.29001192185592,-10.037051162759806,10347.143331679945,125.37307217646465
63.90486607641445,51.21284627050861,-11.014180822235113,25449.094178065592,188.91938444150537,-10.849102821375372,21859.545531234267,178.29001192185592,-10.035938474187642,10336.544762130085,125.3307969232429
63.88594268948519,51.185584138141714,-11.060964906771943,26569.657903660802,191.86218372402757,-10.862632952367745,22133.657277371898,179.05708614079802,-10.029133725089093,10271.964032489093,125.07289045902058
63.71924752898896,51.18233850710034,-11.245234528157056,31484.2832766818,204.26875168848883,-10.51434587013204,16059.73401261327,161.20644165936588,-10.027092488694125,10252.670387197093,124.99573705723792
64.00491903564685,51.158730238456535,-10.919219734046678,23317.817215663767,183.19185804875576,-10.66834521694827,18507.087862302407,168.62642343999255,-10.024390621471,10227.188216713052,124.89376330304937
63.88542795531149,51.18494556673282,-10.962584952200542,24267.999698711228,185.76716431706367,-10.967702061370437,24382.645503453572,185.23074346153996,-10.016949274186517,10157.333444225307,124.61379273383174
63.97218330698258,51.20763188153494,-10.89755112330526,22857.064263098167,181.92994229315272,-10.85119837440184,21901.776849803176,178.4084069478354,-10.014753189327589,10136.809285509862,124.531414433447
63.97218330698258,51.20763188153494,-10.89755112330526,22857.064263098167,181.92994229315272,-10.85119837440184,21901.776849803176,178.4084069478354,-10.009081483352025,10083.994342311165,124.31917888079954
64.00491903564685,51.158730238456535,-10.919219734046678,23317.817215663767,183.19185804875576,-10.66834521694827,18507.087862302407,168.62642343999255,-10.00348825735001,10032.17970335426,124.11061033867865
63.898708339542324,51.25851196082889,-11.236324082740223,31226.954689764392,203.6379000320326,-10.862271304452806,22126.28600432001,179.03650137382957,-9.99965688419511,9996.840285944783,123.9681579327121
64.00456582490506,51.158470281811276,-10.940676987740686,23783.227770220103,184.45776592464688,-10.66834521694827,18507.087862302407,168.62642343999255,-9.99831639554451,9984.505446387022,123.91839791440208
63.719643258695804,51.18270457779677,-11.124888867624186,28180.944656495747,196.01628579326632,-10.51434587013204,16059.73401261327,161.20644165936588,-9.94520878170953,9507.876078394636,121.98008023312538
63.89125547473704,51.256020981739,-11.242017159111493,31391.12379672372,204.0405926192517,-11.251670330975141,31671.46352421397,203.95893298425355,-9.903587431488477,9150.292406590908,120.50542021783077
63.637786208928496,51.22869690943202,-11.294750964024109,32953.41180664856,207.83371104404665,-10.946361051831875,23908.06460541655,183.94522941701373,-9.899828058087174,9118.664207840504,120.37411724754442
63.876617043448555,51.21890795879856,-11.650131710790973,45714.36424021406,236.54979154483686,-11.440854191324977,37700.028327384716,218.23796907789895,-9.876695976576247,8926.44206476141,119.57301518338691
63.677808315715296,51.24898574246681,-10.94296669180363,23833.43703375014,184.59381537159325,-10.689647273928724,18873.78091836856,169.71023463017727,-9.854281405597241,8744.048588988957,118.8078805646916
63.96142512860288,51.161106377336125,-10.463663884244351,15327.296322599808,159.90227003482946,-10.29035345848067,13065.96177748807,151.63688402677408,-9.78910952617052,8234.624697165356,116.64428229643502
63.689413397912595,51.283077302746456,-10.827060144204651,21420.226444793916,177.9372532228303,-10.536717059773103,16394.07146420619,162.24011305490222,-9.744697177082095,7904.581304049285,115.22085401234602
